order_id,user_id,content,,,,,,,,,,,
2294359932054530000,1515915625441990000,"Information for the order with the order_id 2294359932054530000: 'Event time: 2020-04-24 11:50:39 UTC , Category ID: 2268105426648170000, Category code: electronics.tablet, Brand: samsung, Price: 162.01, User ID: 1515915625441990000'",,,,,,,,,,,
2294359932054530000,1515915625441990000,"Information for the order with the order_id 2294359932054530000: 'Event time: 2020-04-24 11:50:39 UTC , Category ID: 2268105426648170000, Category code: electronics.tablet, Brand: samsung, Price: 162.01, User ID: 1515915625441990000'",,,,,,,,,,,
2294444024058080000,1515915625447870000,"Information for the order with the order_id 2294444024058080000: 'Event time: 2020-04-24 14:37:43 UTC , Category ID: 2268105430162990000, Category code: electronics.audio.headphone, Brand: huawei, Price: 77.52, User ID: 1515915625447870000'",,,,,,,,,,,
2294444024058080000,1515915625447870000,"Information for the order with the order_id 2294444024058080000: 'Event time: 2020-04-24 14:37:43 UTC , Category ID: 2268105430162990000, Category code: electronics.audio.headphone, Brand: huawei, Price: 77.52, User ID: 1515915625447870000'",,,,,,,,,,,
2294584263154070000,1515915625443140000,"Information for the order with the order_id 2294584263154070000: 'Event time: 2020-04-24 19:16:21 UTC , Category ID: 2268105471367840000, Category code: , Brand: karcher, Price: 217.57, User ID: 1515915625443140000'",,,,,,,,,,,
2295716521449610000,1515915625450380000,"Information for the order with the order_id 2295716521449610000: 'Event time: 2020-04-26 08:45:57 UTC , Category ID: 2268105442636850000, Category code: furniture.kitchen.table, Brand: maestro, Price: 39.33, User ID: 1515915625450380000'",,,,,,,,,,,
2295740594749700000,1515915625448760000,"Information for the order with the order_id 2295740594749700000: 'Event time: 2020-04-26 09:33:47 UTC , Category ID: 2268105428166500000, Category code: electronics.smartphone, Brand: apple, Price: 1387.01, User ID: 1515915625448760000'",,,,,,,,,,,
2295740594749700000,1515915625448760000,"Information for the order with the order_id 2295740594749700000: 'Event time: 2020-04-26 09:33:47 UTC , Category ID: 2268105428166500000, Category code: electronics.smartphone, Brand: apple, Price: 1387.01, User ID: 1515915625448760000'",,,,,,,,,,,
2295740594749700000,1515915625448760000,"Information for the order with the order_id 2295740594749700000: 'Event time: 2020-04-26 09:33:47 UTC , Category ID: 2268105428166500000, Category code: electronics.smartphone, Brand: apple, Price: 1387.01, User ID: 1515915625448760000'",,,,,,,,,,,
2295740594749700000,1515915625448760000,"Information for the order with the order_id 2295740594749700000: 'Event time: 2020-04-26 09:33:47 UTC , Category ID: 2268105428166500000, Category code: electronics.smartphone, Brand: apple, Price: 1387.01, User ID: 1515915625448760000'",,,,,,,,,,,
2295902490203250000,1515915625450560000,"Information for the order with the order_id 2295902490203250000: 'Event time: 2020-04-26 14:55:26 UTC , Category ID: 2268105393848710000, Category code: appliances.kitchen.refrigerators, Brand: lg, Price: 462.94, User ID: 1515915625450560000'",,,,,,,,,,,
2296164324487460000,1515915625446790000,"Information for the order with the order_id 2296164324487460000: 'Event time: 2020-04-26 23:35:39 UTC , Category ID: 2268105402447030000, Category code: appliances.personal.scales, Brand: polaris, Price: 30.07, User ID: 1515915625446790000'",,,,,,,,,,,
2296400480990920000,1515915625450890000,"Information for the order with the order_id 2296400480990920000: 'Event time: 2020-04-27 07:24:51 UTC , Category ID: 2374498914000590000, Category code: electronics.video.tv, Brand: samsung, Price: 416.64, User ID: 1515915625450890000'",,,,,,,,,,,x|
2296628237930850000,1515915625451130000,"Information for the order with the order_id 2296628237930850000: 'Event time: 2020-04-27 14:57:22 UTC , Category ID: 2268105410021940000, Category code: computers.components.cpu, Brand: intel, Price: 91.41, User ID: 1515915625451130000'",,,,,,,,,,,
2296628237930850000,1515915625451130000,"Information for the order with the order_id 2296628237930850000: 'Event time: 2020-04-27 14:57:22 UTC , Category ID: 2268105410021940000, Category code: computers.components.cpu, Brand: intel, Price: 91.41, User ID: 1515915625451130000'",,,,,,,,,,,
2296628237930850000,1515915625451130000,"Information for the order with the order_id 2296628237930850000: 'Event time: 2020-04-27 14:57:22 UTC , Category ID: 2268105410021940000, Category code: computers.components.cpu, Brand: intel, Price: 91.41, User ID: 1515915625451130000'",,,,,,,,,,,
2296972701060820000,1515915625451210000,"Information for the order with the order_id 2296972701060820000: 'Event time: 2020-04-28 02:21:45 UTC , Category ID: 2268105402774190000, Category code: , Brand: philips, Price: 23.13, User ID: 1515915625451210000'",,,,,,,,,,,
2297016008231090000,1515915625443150000,"Information for the order with the order_id 2297016008231090000: 'Event time: 2020-04-28 03:47:48 UTC , Category ID: 2268105407220150000, Category code: computers.notebook, Brand: asus, Price: 509.24, User ID: 1515915625443150000'",,,,,,,,,,,
2297034737199350000,1515915625447770000,"Information for the order with the order_id 2297034737199350000: 'Event time: 2020-04-28 04:25:00 UTC , Category ID: 2268105635507730000, Category code: , Brand: , Price: 6.94, User ID: 1515915625447770000'",,,,,,,,,,,
2297034737199350000,1515915625447770000,"Information for the order with the order_id 2297034737199350000: 'Event time: 2020-04-28 04:25:00 UTC , Category ID: 2268105635507730000, Category code: , Brand: , Price: 6.94, User ID: 1515915625447770000'",,,,,,,,,,,
2297174044555870000,1515915625442670000,"Information for the order with the order_id 2297174044555870000: 'Event time: 2020-04-28 09:01:47 UTC , Category ID: 2268105409225030000, Category code: computers.peripherals.monitor, Brand: samsung, Price: 254.61, User ID: 1515915625442670000'",,,,,,,,,,,
2297174044555870000,1515915625442670000,"Information for the order with the order_id 2297174044555870000: 'Event time: 2020-04-28 09:01:47 UTC , Category ID: 2268105409225030000, Category code: computers.peripherals.monitor, Brand: samsung, Price: 254.61, User ID: 1515915625442670000'",,,,,,,,,,,
2297252054407570000,1515915625450910000,"Information for the order with the order_id 2297252054407570000: 'Event time: 2020-04-28 11:36:47 UTC , Category ID: 2268105407933180000, Category code: computers.peripherals.printer, Brand: epson, Price: 164.33, User ID: 1515915625450910000'",,,,,,,,,,,
2297252054407570000,1515915625450910000,"Information for the order with the order_id 2297252054407570000: 'Event time: 2020-04-28 11:36:47 UTC , Category ID: 2268105407933180000, Category code: computers.peripherals.printer, Brand: epson, Price: 164.33, User ID: 1515915625450910000'",,,,,,,,,,,
2297252054407570000,1515915625450910000,"Information for the order with the order_id 2297252054407570000: 'Event time: 2020-04-28 11:36:47 UTC , Category ID: 2268105407933180000, Category code: computers.peripherals.printer, Brand: epson, Price: 164.33, User ID: 1515915625450910000'",,,,,,,,,,,
2297729407910930000,1515915625441700000,"Information for the order with the order_id 2297729407910930000: 'Event time: 2020-04-29 03:25:12 UTC , Category ID: 2268105427528970000, Category code: , Brand: sbs, Price: 0.02, User ID: 1515915625441700000'",,,,,,,,,,,
2297729407910930000,1515915625441700000,"Information for the order with the order_id 2297729407910930000: 'Event time: 2020-04-29 03:25:12 UTC , Category ID: 2268105427528970000, Category code: , Brand: sbs, Price: 0.02, User ID: 1515915625441700000'",,,,,,,,,,,
2297770405059880000,1515915625451640000,"Information for the order with the order_id 2297770405059880000: 'Event time: 2020-04-29 04:46:39 UTC , Category ID: 2268105428166500000, Category code: electronics.smartphone, Brand: samsung, Price: 300.9, User ID: 1515915625451640000'",,,,,,,,,,,
2297817716758670000,1515915625451580000,"Information for the order with the order_id 2297817716758670000: 'Event time: 2020-04-29 06:20:39 UTC , Category ID: 2268105442242590000, Category code: , Brand: geyzer, Price: 6.23, User ID: 1515915625451580000'",,,,,,,,,,,
2297817716758670000,1515915625451580000,"Information for the order with the order_id 2297817716758670000: 'Event time: 2020-04-29 06:20:39 UTC , Category ID: 2268105442242590000, Category code: , Brand: geyzer, Price: 6.23, User ID: 1515915625451580000'",,,,,,,,,,,
2297818341995180000,1515915625447630000,"Information for the order with the order_id 2297818341995180000: 'Event time: 2020-04-29 06:21:53 UTC , Category ID: 2268105438778090000, Category code: appliances.kitchen.kettle, Brand: tefal, Price: 7.85, User ID: 1515915625447630000'",,,,,,,,,,,
2297896107595790000,1515915625452040000,"Information for the order with the order_id 2297896107595790000: 'Event time: 2020-04-29 08:56:24 UTC , Category ID: 2268105428166500000, Category code: electronics.smartphone, Brand: samsung, Price: 300.9, User ID: 1515915625452040000'",,,,,,,,,,,
2297947579247230000,1515915625455100000,"Information for the order with the order_id 2297947579247230000: 'Event time: 2020-04-29 10:38:40 UTC , Category ID: 2268105409938060000, Category code: computers.components.memory, Brand: kingston, Price: 49.98, User ID: 1515915625455100000'",,,,,,,,,,,
2297951447913850000,1515915625447870000,"Information for the order with the order_id 2297951447913850000: 'Event time: 2020-04-29 10:46:21 UTC , Category ID: 2268105430162990000, Category code: electronics.audio.headphone, Brand: huawei, Price: 77.52, User ID: 1515915625447870000'",,,,,,,,,,,
2297951447913850000,1515915625447870000,"Information for the order with the order_id 2297951447913850000: 'Event time: 2020-04-29 10:46:21 UTC , Category ID: 2268105430162990000, Category code: electronics.audio.headphone, Brand: apple, Price: 203.68, User ID: 1515915625447870000'",,,,,,,,,,,
2297988436574860000,1515915625441480000,"Information for the order with the order_id 2297988436574860000: 'Event time: 2020-04-29 11:59:50 UTC , Category ID: 2268105428166500000, Category code: electronics.smartphone, Brand: samsung, Price: 115.72, User ID: 1515915625441480000'",,,,,,,,,,,
2297988436574860000,1515915625441480000,"Information for the order with the order_id 2297988436574860000: 'Event time: 2020-04-29 11:59:50 UTC , Category ID: 2268105428594320000, Category code: electronics.clocks, Brand: apple, Price: 317.11, User ID: 1515915625441480000'",,,,,,,,,,,
2297989017720840000,1515915625448290000,"Information for the order with the order_id 2297989017720840000: 'Event time: 2020-04-29 12:00:59 UTC , Category ID: 2374498914000590000, Category code: electronics.video.tv, Brand: ava, Price: 162.01, User ID: 1515915625448290000'",,,,,,,,,,,
2297989017720840000,1515915625448290000,"Information for the order with the order_id 2297989017720840000: 'Event time: 2020-04-29 12:00:59 UTC , Category ID: 2374498914000590000, Category code: electronics.video.tv, Brand: ava, Price: 162.01, User ID: 1515915625448290000'",,,,,,,,,,,
2297991320922220000,1515915625441500000,"Information for the order with the order_id 2297991320922220000: 'Event time: 2020-04-29 12:05:34 UTC , Category ID: 2268105442242590000, Category code: , Brand: barjher, Price: 9.24, User ID: 1515915625441500000'",,,,,,,,,,,
2297991320922220000,1515915625441500000,"Information for the order with the order_id 2297991320922220000: 'Event time: 2020-04-29 12:05:34 UTC , Category ID: 2268105440044770000, Category code: appliances.personal.scales, Brand: polaris, Price: 21.97, User ID: 1515915625441500000'",,,,,,,,,,,
2297993149328390000,1515915625450210000,"Information for the order with the order_id 2297993149328390000: 'Event time: 2020-04-29 12:09:12 UTC , Category ID: 2268105393462830000, Category code: country_yard.weather_station, Brand: beurer, Price: 23.12, User ID: 1515915625450210000'",,,,,,,,,,,
2297993157859600000,1515915625442440000,"Information for the order with the order_id 2297993157859600000: 'Event time: 2020-04-29 12:09:13 UTC , Category ID: 2268105428166500000, Category code: electronics.smartphone, Brand: samsung, Price: 161.78, User ID: 1515915625442440000'",,,,,,,,,,,
2297993489704550000,1515915625446420000,"Information for the order with the order_id 2297993489704550000: 'Event time: 2020-04-29 12:09:53 UTC , Category ID: 2268105441101740000, Category code: appliances.kitchen.blender, Brand: polaris, Price: 43.96, User ID: 1515915625446420000'",,,,,,,,,,,
2297993830969900000,1515915625452180000,"Information for the order with the order_id 2297993830969900000: 'Event time: 2020-04-29 12:10:33 UTC , Category ID: 2268105445094720000, Category code: , Brand: schwiizer, Price: 20.81, User ID: 1515915625452180000'",,,,,,,,,,,
2297995500990750000,1515915625452150000,"Information for the order with the order_id 2297995500990750000: 'Event time: 2020-04-29 12:13:52 UTC , Category ID: 2268105428166500000, Category code: electronics.smartphone, Brand: samsung, Price: 300.9, User ID: 1515915625452150000'",,,,,,,,,,,
2297997293107800000,1515915625445930000,"Information for the order with the order_id 2297997293107800000: 'Event time: 2020-04-29 12:17:26 UTC , Category ID: 2268105428166500000, Category code: electronics.smartphone, Brand: samsung, Price: 254.61, User ID: 1515915625445930000'",,,,,,,,,,,
2297998653177980000,1515915625452120000,"Information for the order with the order_id 2297998653177980000: 'Event time: 2020-04-29 12:20:08 UTC , Category ID: 2268105428166500000, Category code: electronics.smartphone, Brand: samsung, Price: 300.9, User ID: 1515915625452120000'",,,,,,,,,,,
2298000635255060000,1515915625444740000,"Information for the order with the order_id 2298000635255060000: 'Event time: 2020-04-29 12:24:04 UTC , Category ID: 2268105402447030000, Category code: appliances.personal.scales, Brand: scarlett, Price: 18.5, User ID: 1515915625444740000'",,,,,,,,,,,
2298001389550300000,1515915625452190000,"Information for the order with the order_id 2298001389550300000: 'Event time: 2020-04-29 12:25:34 UTC , Category ID: 2268105430162990000, Category code: electronics.audio.headphone, Brand: apple, Price: 203.68, User ID: 1515915625452190000'",,,,,,,,,,,
2298002125248000000,1515915625452190000,"Information for the order with the order_id 2298002125248000000: 'Event time: 2020-04-29 12:27:02 UTC , Category ID: 2268105428166500000, Category code: electronics.smartphone, Brand: apple, Price: 346.97, User ID: 1515915625452190000'",,,,,,,,,,,
2298002162359200000,1515915625447650000,"Information for the order with the order_id 2298002162359200000: 'Event time: 2020-04-29 12:27:06 UTC , Category ID: 2268105393966150000, Category code: appliances.kitchen.refrigerators, Brand: caso, Price: 312.48, User ID: 1515915625447650000'",,,,,,,,,,,
2298002502676640000,1515915625441370000,"Information for the order with the order_id 2298002502676640000: 'Event time: 2020-04-29 12:27:47 UTC , Category ID: 2268105427260530000, Category code: , Brand: samsung, Price: 18.5, User ID: 1515915625441370000'",,,,,,,,,,,
2298002502676640000,1515915625441370000,"Information for the order with the order_id 2298002502676640000: 'Event time: 2020-04-29 12:27:47 UTC , Category ID: 2268105428166500000, Category code: electronics.smartphone, Brand: samsung, Price: 856.46, User ID: 1515915625441370000'",,,,,,,,,,,
2298004034688120000,1515915625443070000,"Information for the order with the order_id 2298004034688120000: 'Event time: 2020-04-29 12:30:50 UTC , Category ID: 2268105428166500000, Category code: electronics.smartphone, Brand: nokia, Price: 83.31, User ID: 1515915625443070000'",,,,,,,,,,,
2298004151876970000,1515915625448240000,"Information for the order with the order_id 2298004151876970000: 'Event time: 2020-04-29 12:31:04 UTC , Category ID: 2268105428166500000, Category code: electronics.smartphone, Brand: vivo, Price: 208.31, User ID: 1515915625448240000'",,,,,,,,,,,
2298004518056490000,1515915625445020000,"Information for the order with the order_id 2298004518056490000: 'Event time: 2020-04-29 12:31:47 UTC , Category ID: 2268105426648170000, Category code: electronics.tablet, Brand: samsung, Price: 162.01, User ID: 1515915625445020000'",,,,,,,,,,,
2298004997423490000,1515915625441040000,"Information for the order with the order_id 2298004997423490000: 'Event time: 2020-04-29 12:32:44 UTC , Category ID: 2268105428166500000, Category code: electronics.smartphone, Brand: huawei, Price: 138.63, User ID: 1515915625441040000'",,,,,,,,,,,
2298006362988210000,1515915625452190000,"Information for the order with the order_id 2298006362988210000: 'Event time: 2020-04-29 12:35:27 UTC , Category ID: 2268105411523510000, Category code: accessories.bag, Brand: kingston, Price: 6.23, User ID: 1515915625452190000'",,,,,,,,,,,
2298006914606300000,1515915625449920000,"Information for the order with the order_id 2298006914606300000: 'Event time: 2020-04-29 12:36:33 UTC , Category ID: 2268105428166500000, Category code: electronics.smartphone, Brand: samsung, Price: 138.63, User ID: 1515915625449920000'",,,,,,,,,,,
2298007461744860000,1515915625452190000,"Information for the order with the order_id 2298007461744860000: 'Event time: 2020-04-29 12:37:38 UTC , Category ID: 2374498914000590000, Category code: electronics.video.tv, Brand: samsung, Price: 381.92, User ID: 1515915625452190000'",,,,,,,,,,,
2298009757589430000,1515915625451990000,"Information for the order with the order_id 2298009757589430000: 'Event time: 2020-04-29 12:42:12 UTC , Category ID: 2268105406356120000, Category code: computers.peripherals.keyboard, Brand: , Price: 12.71, User ID: 1515915625451990000'",,,,,,,,,,,
2298009757589430000,1515915625451990000,"Information for the order with the order_id 2298009757589430000: 'Event time: 2020-04-29 12:42:12 UTC , Category ID: 2268105409225030000, Category code: computers.peripherals.monitor, Brand: aoc, Price: 109.24, User ID: 1515915625451990000'",,,,,,,,,,,
2298009757589430000,1515915625451990000,"Information for the order with the order_id 2298009757589430000: 'Event time: 2020-04-29 12:42:12 UTC , Category ID: 2268105406549060000, Category code: computers.peripherals.mouse, Brand: logitech, Price: 11.55, User ID: 1515915625451990000'",,,,,,,,,,,
2298009757589430000,1515915625451990000,"Information for the order with the order_id 2298009757589430000: 'Event time: 2020-04-29 12:42:12 UTC , Category ID: 2268105409317300000, Category code: , Brand: , Price: 300.9, User ID: 1515915625451990000'",,,,,,,,,,,
2298012983688690000,1515915625452170000,"Information for the order with the order_id 2298012983688690000: 'Event time: 2020-04-29 12:48:36 UTC , Category ID: 2268105390484880000, Category code: appliances.iron, Brand: tefal, Price: 81, User ID: 1515915625452170000'",,,,,,,,,,,
2298014448792630000,1515915625449400000,"Information for the order with the order_id 2298014448792630000: 'Event time: 2020-04-29 12:51:31 UTC , Category ID: 2268105440917190000, Category code: appliances.kitchen.mixer, Brand: maxwell, Price: 16.18, User ID: 1515915625449400000'",,,,,,,,,,,
2298014487472500000,1515915625445670000,"Information for the order with the order_id 2298014487472500000: 'Event time: 2020-04-29 12:51:36 UTC , Category ID: 2268105406549060000, Category code: computers.peripherals.mouse, Brand: logitech, Price: 77.52, User ID: 1515915625445670000'",,,,,,,,,,,
2298014603872830000,1515915625452180000,"Information for the order with the order_id 2298014603872830000: 'Event time: 2020-04-29 12:51:50 UTC , Category ID: 2268105654591810000, Category code: , Brand: maxwell, Price: 6.92, User ID: 1515915625452180000'",,,,,,,,,,,
2298014603872830000,1515915625452180000,"Information for the order with the order_id 2298014603872830000: 'Event time: 2020-04-29 12:51:50 UTC , Category ID: 2268105406549060000, Category code: computers.peripherals.mouse, Brand: , Price: 5.07, User ID: 1515915625452180000'",,,,,,,,,,,
2298014603872830000,1515915625452180000,"Information for the order with the order_id 2298014603872830000: 'Event time: 2020-04-29 12:51:50 UTC , Category ID: 2268105438702600000, Category code: , Brand: maestro, Price: 3.68, User ID: 1515915625452180000'",,,,,,,,,,,
2298018560376570000,1515915625452210000,"Information for the order with the order_id 2298018560376570000: 'Event time: 2020-04-29 12:59:41 UTC , Category ID: 2268105441856710000, Category code: appliances.kitchen.kettle, Brand: vitek, Price: 20.81, User ID: 1515915625452210000'",,,,,,,,,,,
2298018598116910000,1515915625452200000,"Information for the order with the order_id 2298018598116910000: 'Event time: 2020-04-29 12:59:46 UTC , Category ID: 2268105428250390000, Category code: electronics.telephone, Brand: panasonic, Price: 29.14, User ID: 1515915625452200000'",,,,,,,,,,,
2298020220926680000,1515915625452090000,"Information for the order with the order_id 2298020220926680000: 'Event time: 2020-04-29 13:02:59 UTC , Category ID: 2268105428166500000, Category code: electronics.smartphone, Brand: samsung, Price: 138.87, User ID: 1515915625452090000'",,,,,,,,,,,
2298020380796780000,1515915625444050000,"Information for the order with the order_id 2298020380796780000: 'Event time: 2020-04-29 13:03:18 UTC , Category ID: 2268105441009460000, Category code: appliances.kitchen.meat_grinder, Brand: moulinex, Price: 57.85, User ID: 1515915625444050000'",,,,,,,,,,,
2298021217040330000,1515915625452210000,"Information for the order with the order_id 2298021217040330000: 'Event time: 2020-04-29 13:04:58 UTC , Category ID: 2268105430162990000, Category code: electronics.audio.headphone, Brand: sony, Price: 9.24, User ID: 1515915625452210000'",,,,,,,,,,,
2298024655925010000,1515915625452170000,"Information for the order with the order_id 2298024655925010000: 'Event time: 2020-04-29 13:11:48 UTC , Category ID: 2268105393035010000, Category code: , Brand: bork, Price: 391.18, User ID: 1515915625452170000'",,,,,,,,,,,
2298026047444090000,1515915625451930000,"Information for the order with the order_id 2298026047444090000: 'Event time: 2020-04-29 13:14:34 UTC , Category ID: 2268105393035010000, Category code: , Brand: polaris, Price: 46.27, User ID: 1515915625451930000'",,,,,,,,,,,
2298026113470820000,1515915625451950000,"Information for the order with the order_id 2298026113470820000: 'Event time: 2020-04-29 13:14:42 UTC , Category ID: 2268105402556080000, Category code: appliances.personal.hair_cutter, Brand: imetec, Price: 20.81, User ID: 1515915625451950000'",,,,,,,,,,,
2298026333160070000,1515915625441630000,"Information for the order with the order_id 2298026333160070000: 'Event time: 2020-04-29 13:15:08 UTC , Category ID: 2268105430162990000, Category code: electronics.audio.headphone, Brand: panasonic, Price: 3.45, User ID: 1515915625441630000'",,,,,,,,,,,
2298027060855040000,1515915625452210000,"Information for the order with the order_id 2298027060855040000: 'Event time: 2020-04-29 13:16:35 UTC , Category ID: 2268105428502050000, Category code: , Brand: sjcam, Price: 157.38, User ID: 1515915625452210000'",,,,,,,,,,,
2298027230749520000,1515915625452200000,"Information for the order with the order_id 2298027230749520000: 'Event time: 2020-04-29 13:16:55 UTC , Category ID: 2268105654591810000, Category code: , Brand: maxwell, Price: 8.08, User ID: 1515915625452200000'",,,,,,,,,,,
2298027408663510000,1515915625513720000,"Information for the order with the order_id 2298027408663510000: 'Event time: 2020-04-29 13:17:16 UTC , Category ID: 2268105446034240000, Category code: , Brand: , Price: 2.52, User ID: 1515915625513720000'",,,,,,,,,,,
2298028973541550000,1515915625452210000,"Information for the order with the order_id 2298028973541550000: 'Event time: 2020-04-29 13:20:23 UTC , Category ID: 2268105403822760000, Category code: , Brand: braun, Price: 42.8, User ID: 1515915625452210000'",,,,,,,,,,,
2298030363735220000,1515915625451560000,"Information for the order with the order_id 2298030363735220000: 'Event time: 2020-04-29 13:23:08 UTC , Category ID: 2268105392925960000, Category code: appliances.environment.air_heater, Brand: ava, Price: 11.55, User ID: 1515915625451560000'",,,,,,,,,,,
2298030589137120000,1515915625449590000,"Information for the order with the order_id 2298030589137120000: 'Event time: 2020-04-29 13:23:35 UTC , Category ID: 2268105458717810000, Category code: , Brand: sony, Price: 19.88, User ID: 1515915625449590000'",,,,,,,,,,,
2298032794787380000,1515915625452200000,"Information for the order with the order_id 2298032794787380000: 'Event time: 2020-04-29 13:27:58 UTC , Category ID: 2268105407220150000, Category code: computers.notebook, Brand: lenovo, Price: 479.14, User ID: 1515915625452200000'",,,,,,,,,,,
2298032832309620000,1515915625452220000,"Information for the order with the order_id 2298032832309620000: 'Event time: 2020-04-29 13:28:03 UTC , Category ID: 2268105440640360000, Category code: , Brand: redmond, Price: 16.18, User ID: 1515915625452220000'",,,,,,,,,,,
2298033523732250000,1515915625441010000,"Information for the order with the order_id 2298033523732250000: 'Event time: 2020-04-29 13:29:25 UTC , Category ID: 2268105406549060000, Category code: computers.peripherals.mouse, Brand: , Price: 20.35, User ID: 1515915625441010000'",,,,,,,,,,,
2298033587376620000,1515915625452210000,"Information for the order with the order_id 2298033587376620000: 'Event time: 2020-04-29 13:29:33 UTC , Category ID: 2268105428166500000, Category code: electronics.smartphone, Brand: xiaomi, Price: 148.82, User ID: 1515915625452210000'",,,,,,,,,,,
2298034461511510000,1515915625452200000,"Information for the order with the order_id 2298034461511510000: 'Event time: 2020-04-29 13:31:17 UTC , Category ID: 2268105464925380000, Category code: kids.skates, Brand: globber, Price: 138.63, User ID: 1515915625452200000'",,,,,,,,,,,
2298034599193740000,1515915625441410000,"Information for the order with the order_id 2298034599193740000: 'Event time: 2020-04-29 13:31:33 UTC , Category ID: 2268105389956390000, Category code: appliances.kitchen.washer, Brand: samsung, Price: 451.37, User ID: 1515915625441410000'",,,,,,,,,,,
2298034599193740000,1515915625441410000,"Information for the order with the order_id 2298034599193740000: 'Event time: 2020-04-29 13:31:33 UTC , Category ID: 2268105441101740000, Category code: appliances.kitchen.blender, Brand: , Price: 74.05, User ID: 1515915625441410000'",,,,,,,,,,,
2298034599193740000,1515915625441410000,"Information for the order with the order_id 2298034599193740000: 'Event time: 2020-04-29 13:31:33 UTC , Category ID: 2268105441009460000, Category code: appliances.kitchen.meat_grinder, Brand: philips, Price: 115.72, User ID: 1515915625441410000'",,,,,,,,,,,
2298034599193740000,1515915625441410000,"Information for the order with the order_id 2298034599193740000: 'Event time: 2020-04-29 13:31:33 UTC , Category ID: 2268105442636850000, Category code: furniture.kitchen.table, Brand: , Price: 23.13, User ID: 1515915625441410000'",,,,,,,,,,,
2298034599193740000,1515915625441410000,"Information for the order with the order_id 2298034599193740000: 'Event time: 2020-04-29 13:31:33 UTC , Category ID: 2268105442636850000, Category code: furniture.kitchen.table, Brand: rondell, Price: 20.81, User ID: 1515915625441410000'",,,,,,,,,,,
2298034599193740000,1515915625441410000,"Information for the order with the order_id 2298034599193740000: 'Event time: 2020-04-29 13:31:33 UTC , Category ID: 2268105439247860000, Category code: appliances.kitchen.microwave, Brand: samsung, Price: 122.66, User ID: 1515915625441410000'",,,,,,,,,,,
2298034778315680000,1515915625452140000,"Information for the order with the order_id 2298034778315680000: 'Event time: 2020-04-29 13:31:55 UTC , Category ID: 2268105441101740000, Category code: appliances.kitchen.blender, Brand: polaris, Price: 32.38, User ID: 1515915625452140000'",,,,,,,,,,,
2298035974564740000,1515915625452070000,"Information for the order with the order_id 2298035974564740000: 'Event time: 2020-04-29 13:34:17 UTC , Category ID: 2309018576985520000, Category code: , Brand: iqos, Price: 8.1, User ID: 1515915625452070000'",,,,,,,,,,,
2298038880856700000,1515915625444420000,"Information for the order with the order_id 2298038880856700000: 'Event time: 2020-04-29 13:40:04 UTC , Category ID: 2268105445094720000, Category code: , Brand: lavazza, Price: 6.92, User ID: 1515915625444420000'",,,,,,,,,,,
2298039440460740000,1515915625514800000,"Information for the order with the order_id 2298039440460740000: 'Event time: 2020-04-29 13:41:10 UTC , Category ID: 2268105406549060000, Category code: computers.peripherals.mouse, Brand: razer, Price: 39.1, User ID: 1515915625514800000'",,,,,,,,,,,
2298039596253970000,1515915625444730000,"Information for the order with the order_id 2298039596253970000: 'Event time: 2020-04-29 13:41:29 UTC , Category ID: 2268105406549060000, Category code: computers.peripherals.mouse, Brand: delux, Price: 6, User ID: 1515915625444730000'",,,,,,,,,,,
2298041066449790000,1515915625451670000,"Information for the order with the order_id 2298041066449790000: 'Event time: 2020-04-29 13:44:24 UTC , Category ID: 2268105439247860000, Category code: appliances.kitchen.microwave, Brand: ava, Price: 43.96, User ID: 1515915625451670000'",,,,,,,,,,,
2298042192276480000,1515915625443910000,"Information for the order with the order_id 2298042192276480000: 'Event time: 2020-04-29 13:46:38 UTC , Category ID: 2268105440917190000, Category code: appliances.kitchen.mixer, Brand: polaris, Price: 46.27, User ID: 1515915625443910000'",,,,,,,,,,,
2298042329916760000,1515915625452200000,"Information for the order with the order_id 2298042329916760000: 'Event time: 2020-04-29 13:46:55 UTC , Category ID: 2268105426648170000, Category code: electronics.tablet, Brand: prestigio, Price: 81, User ID: 1515915625452200000'",,,,,,,,,,,
2298045970010600000,1515915625448900000,"Information for the order with the order_id 2298045970010600000: 'Event time: 2020-04-29 13:54:09 UTC , Category ID: 2268105407220150000, Category code: computers.notebook, Brand: asus, Price: 289.33, User ID: 1515915625448900000'",,,,,,,,,,,
2298046537323770000,1515915625448130000,"Information for the order with the order_id 2298046537323770000: 'Event time: 2020-04-29 13:55:16 UTC , Category ID: 2268105413008290000, Category code: , Brand: ausini, Price: 9.24, User ID: 1515915625448130000'",,,,,,,,,,,
2298046537323770000,1515915625448130000,"Information for the order with the order_id 2298046537323770000: 'Event time: 2020-04-29 13:55:16 UTC , Category ID: 2268105413008290000, Category code: , Brand: ausini, Price: 8.08, User ID: 1515915625448130000'",,,,,,,,,,,
2298046537323770000,1515915625448130000,"Information for the order with the order_id 2298046537323770000: 'Event time: 2020-04-29 13:55:16 UTC , Category ID: 2268105412463030000, Category code: furniture.bedroom.pillow, Brand: rastar, Price: 3.45, User ID: 1515915625448130000'",,,,,,,,,,,
2298048720828100000,1515915625446790000,"Information for the order with the order_id 2298048720828100000: 'Event time: 2020-04-29 13:59:37 UTC , Category ID: 2268105406549060000, Category code: computers.peripherals.mouse, Brand: steelseries, Price: 92.57, User ID: 1515915625446790000'",,,,,,,,,,,
2298049449580030000,1515915625442710000,"Information for the order with the order_id 2298049449580030000: 'Event time: 2020-04-29 14:01:03 UTC , Category ID: 2268105441856710000, Category code: appliances.kitchen.kettle, Brand: philips, Price: 32.38, User ID: 1515915625442710000'",,,,,,,,,,,
2298049449580030000,1515915625442710000,"Information for the order with the order_id 2298049449580030000: 'Event time: 2020-04-29 14:01:03 UTC , Category ID: 2268105406456790000, Category code: computers.notebook, Brand: microlab, Price: 27.75, User ID: 1515915625442710000'",,,,,,,,,,,
2298050286561780000,1515915625452240000,"Information for the order with the order_id 2298050286561780000: 'Event time: 2020-04-29 14:02:43 UTC , Category ID: 2268105428074230000, Category code: electronics.telephone, Brand: nokia, Price: 22.89, User ID: 1515915625452240000'",,,,,,,,,,,
2298054179261770000,1515915625452240000,"Information for the order with the order_id 2298054179261770000: 'Event time: 2020-04-29 14:10:27 UTC , Category ID: 2268105392414260000, Category code: appliances.environment.vacuum, Brand: thomas, Price: 15.02, User ID: 1515915625452240000'",,,,,,,,,,,
2298056278712250000,1515915625442130000,"Information for the order with the order_id 2298056278712250000: 'Event time: 2020-04-29 14:14:38 UTC , Category ID: 2268105406549060000, Category code: computers.peripherals.mouse, Brand: trust, Price: 7.38, User ID: 1515915625442130000'",,,,,,,,,,,
2298057884467980000,1515915625452240000,"Information for the order with the order_id 2298057884467980000: 'Event time: 2020-04-29 14:17:49 UTC , Category ID: 2268105392741410000, Category code: appliances.environment.water_heater, Brand: ariston, Price: 118.03, User ID: 1515915625452240000'",,,,,,,,,,,
2298057916059480000,1515915625441390000,"Information for the order with the order_id 2298057916059480000: 'Event time: 2020-04-29 14:17:53 UTC , Category ID: 2268105444734010000, Category code: furniture.living_room.shelving, Brand: fissman, Price: 8.1, User ID: 1515915625441390000'",,,,,,,,,,,
2298058110532580000,1515915625450850000,"Information for the order with the order_id 2298058110532580000: 'Event time: 2020-04-29 14:18:16 UTC , Category ID: 2268105428166500000, Category code: electronics.smartphone, Brand: huawei, Price: 254.61, User ID: 1515915625450850000'",,,,,,,,,,,
2298058570781950000,1515915625441530000,"Information for the order with the order_id 2298058570781950000: 'Event time: 2020-04-29 14:19:11 UTC , Category ID: 2268105402556080000, Category code: appliances.personal.hair_cutter, Brand: philips, Price: 46.27, User ID: 1515915625441530000'",,,,,,,,,,,
2298058570781950000,1515915625441530000,"Information for the order with the order_id 2298058570781950000: 'Event time: 2020-04-29 14:19:11 UTC , Category ID: 2268105428166500000, Category code: electronics.smartphone, Brand: samsung, Price: 115.72, User ID: 1515915625441530000'",,,,,,,,,,,
2298058570781950000,1515915625441530000,"Information for the order with the order_id 2298058570781950000: 'Event time: 2020-04-29 14:19:11 UTC , Category ID: 2268105411523510000, Category code: accessories.bag, Brand: samsung, Price: 53.22, User ID: 1515915625441530000'",,,,,,,,,,,
2298058670690270000,1515915625452250000,"Information for the order with the order_id 2298058670690270000: 'Event time: 2020-04-29 14:19:23 UTC , Category ID: 2268105430162990000, Category code: electronics.audio.headphone, Brand: samsung, Price: 81, User ID: 1515915625452250000'",,,,,,,,,,,
2298059465175330000,1515915625452250000,"Information for the order with the order_id 2298059465175330000: 'Event time: 2020-04-29 14:20:57 UTC , Category ID: 2268105408964980000, Category code: computers.components.cooler, Brand: ship, Price: 6.23, User ID: 1515915625452250000'",,,,,,,,,,,
2298060100125850000,1515915625452240000,"Information for the order with the order_id 2298060100125850000: 'Event time: 2020-04-29 14:22:13 UTC , Category ID: 2268105393035010000, Category code: , Brand: polaris, Price: 46.27, User ID: 1515915625452240000'",,,,,,,,,,,
2298061556522410000,1515915625449330000,"Information for the order with the order_id 2298061556522410000: 'Event time: 2020-04-29 14:25:07 UTC , Category ID: 2268105392070320000, Category code: appliances.environment.vacuum, Brand: samsung, Price: 69.42, User ID: 1515915625449330000'",,,,,,,,,,,
2298062845666910000,1515915625441550000,"Information for the order with the order_id 2298062845666910000: 'Event time: 2020-04-29 14:27:40 UTC , Category ID: 2268105430162990000, Category code: electronics.audio.headphone, Brand: hyperx, Price: 43.96, User ID: 1515915625441550000'",,,,,,,,,,,
2298064568988990000,1515915625452250000,"Information for the order with the order_id 2298064568988990000: 'Event time: 2020-04-29 14:31:06 UTC , Category ID: 2268105427528970000, Category code: , Brand: neo, Price: 5.76, User ID: 1515915625452250000'",,,,,,,,,,,
2298064786681750000,1515915625451970000,"Information for the order with the order_id 2298064786681750000: 'Event time: 2020-04-29 14:31:32 UTC , Category ID: 2268105406549060000, Category code: computers.peripherals.mouse, Brand: bloody, Price: 25.44, User ID: 1515915625451970000'",,,,,,,,,,,
2298069521983860000,1515915625452160000,"Information for the order with the order_id 2298069521983860000: 'Event time: 2020-04-29 14:40:56 UTC , Category ID: 2268105458902360000, Category code: computers.peripherals.joystick, Brand: sony, Price: 57.85, User ID: 1515915625452160000'",,,,,,,,,,,
2298069587549220000,1515915625452240000,"Information for the order with the order_id 2298069587549220000: 'Event time: 2020-04-29 14:41:04 UTC , Category ID: 2268105428166500000, Category code: electronics.smartphone, Brand: samsung, Price: 300.9, User ID: 1515915625452240000'",,,,,,,,,,,
2298069964415820000,1515915625443020000,"Information for the order with the order_id 2298069964415820000: 'Event time: 2020-04-29 14:41:49 UTC , Category ID: 2268105407933180000, Category code: computers.peripherals.printer, Brand: hp, Price: 152.52, User ID: 1515915625443020000'",,,,,,,,,,,
2298072988148300000,1515915625452260000,"Information for the order with the order_id 2298072988148300000: 'Event time: 2020-04-29 14:47:49 UTC , Category ID: 2268105428074230000, Category code: electronics.telephone, Brand: nokia, Price: 22.89, User ID: 1515915625452260000'",,,,,,,,,,,
2298073451031690000,1515915625446790000,"Information for the order with the order_id 2298073451031690000: 'Event time: 2020-04-29 14:48:45 UTC , Category ID: 2268105409048870000, Category code: computers.network.router, Brand: tp-link, Price: 23.13, User ID: 1515915625446790000'",,,,,,,,,,,
2298074835521110000,1515915625452260000,"Information for the order with the order_id 2298074835521110000: 'Event time: 2020-04-29 14:51:30 UTC , Category ID: 2268105441101740000, Category code: appliances.kitchen.blender, Brand: maxwell, Price: 23.13, User ID: 1515915625452260000'",,,,,,,,,,,
2298076131896590000,1515915625452260000,"Information for the order with the order_id 2298076131896590000: 'Event time: 2020-04-29 14:54:04 UTC , Category ID: 2268105409845780000, Category code: computers.components.hdd, Brand: toshiba, Price: 67.8, User ID: 1515915625452260000'",,,,,,,,,,,
2298076586190040000,1515915625446810000,"Information for the order with the order_id 2298076586190040000: 'Event time: 2020-04-29 14:54:58 UTC , Category ID: 2268105408964980000, Category code: computers.components.cooler, Brand: hp, Price: 2.99, User ID: 1515915625446810000'",,,,,,,,,,,
2298077698066480000,1515915625498220000,"Information for the order with the order_id 2298077698066480000: 'Event time: 2020-04-29 14:57:11 UTC , Category ID: 2268105428166500000, Category code: electronics.smartphone, Brand: samsung, Price: 196.27, User ID: 1515915625498220000'",,,,,,,,,,,
2298079065845790000,1515915625452260000,"Information for the order with the order_id 2298079065845790000: 'Event time: 2020-04-29 14:59:54 UTC , Category ID: 2268105430162990000, Category code: electronics.audio.headphone, Brand: honor, Price: 23.13, User ID: 1515915625452260000'",,,,,,,,,,,
2298079176726410000,1515915625448730000,"Information for the order with the order_id 2298079176726410000: 'Event time: 2020-04-29 15:00:07 UTC , Category ID: 2268105389880900000, Category code: , Brand: polaris, Price: 39.33, User ID: 1515915625448730000'",,,,,,,,,,,
2298079176726410000,1515915625448730000,"Information for the order with the order_id 2298079176726410000: 'Event time: 2020-04-29 15:00:07 UTC , Category ID: 2268105393035010000, Category code: , Brand: polaris, Price: 46.27, User ID: 1515915625448730000'",,,,,,,,,,,
2298079409552220000,1515915625442020000,"Information for the order with the order_id 2298079409552220000: 'Event time: 2020-04-29 15:00:35 UTC , Category ID: 2268105428166500000, Category code: electronics.smartphone, Brand: samsung, Price: 161.78, User ID: 1515915625442020000'",,,,,,,,,,,
2298079409552220000,1515915625442020000,"Information for the order with the order_id 2298079409552220000: 'Event time: 2020-04-29 15:00:35 UTC , Category ID: 2268105427260530000, Category code: , Brand: ava, Price: 0.23, User ID: 1515915625442020000'",,,,,,,,,,,
2298079506071550000,1515915625442440000,"Information for the order with the order_id 2298079506071550000: 'Event time: 2020-04-29 15:00:46 UTC , Category ID: 2268105402556080000, Category code: appliances.personal.hair_cutter, Brand: philips, Price: 85.63, User ID: 1515915625442440000'",,,,,,,,,,,
2298085777554270000,1515915625450010000,"Information for the order with the order_id 2298085777554270000: 'Event time: 2020-04-29 15:13:14 UTC , Category ID: 2268105428166500000, Category code: electronics.smartphone, Brand: apple, Price: 242.8, User ID: 1515915625450010000'",,,,,,,,,,,
2298086760850120000,1515915625452240000,"Information for the order with the order_id 2298086760850120000: 'Event time: 2020-04-29 15:15:11 UTC , Category ID: 2268105440044770000, Category code: appliances.personal.scales, Brand: vitek, Price: 9.24, User ID: 1515915625452240000'",,,,,,,,,,,
2298086964164820000,1515915625441160000,"Information for the order with the order_id 2298086964164820000: 'Event time: 2020-04-29 15:15:36 UTC , Category ID: 2268105389067200000, Category code: appliances.kitchen.hood, Brand: samsung, Price: 266.18, User ID: 1515915625441160000'",,,,,,,,,,,
2298087060088550000,1515915625449470000,"Information for the order with the order_id 2298087060088550000: 'Event time: 2020-04-29 15:15:47 UTC , Category ID: 2268105402447030000, Category code: appliances.personal.scales, Brand: ava, Price: 11.55, User ID: 1515915625449470000'",,,,,,,,,,,
2298089619234750000,1515915625452270000,"Information for the order with the order_id 2298089619234750000: 'Event time: 2020-04-29 15:20:52 UTC , Category ID: 2268105442242590000, Category code: , Brand: akvafor, Price: 11.55, User ID: 1515915625452270000'",,,,,,,,,,,
2298089759584550000,1515915625452270000,"Information for the order with the order_id 2298089759584550000: 'Event time: 2020-04-29 15:21:09 UTC , Category ID: 2268105411523510000, Category code: accessories.bag, Brand: samsung, Price: 32.38, User ID: 1515915625452270000'",,,,,,,,,,,
2298090374855390000,1515915625448770000,"Information for the order with the order_id 2298090374855390000: 'Event time: 2020-04-29 15:22:22 UTC , Category ID: 2268105420969080000, Category code: , Brand: jandeks, Price: 62.48, User ID: 1515915625448770000'",,,,,,,,,,,
2298090474671430000,1515915625445990000,"Information for the order with the order_id 2298090474671430000: 'Event time: 2020-04-29 15:22:34 UTC , Category ID: 2268105427872900000, Category code: , Brand: technodom, Price: 10.42, User ID: 1515915625445990000'",,,,,,,,,,,
2298091624959310000,1515915625447660000,"Information for the order with the order_id 2298091624959310000: 'Event time: 2020-04-29 15:24:51 UTC , Category ID: 2268105428166500000, Category code: electronics.smartphone, Brand: apple, Price: 208.31, User ID: 1515915625447660000'",,,,,,,,,,,
2298092744368710000,1515915625451540000,"Information for the order with the order_id 2298092744368710000: 'Event time: 2020-04-29 15:27:05 UTC , Category ID: 2268105426648170000, Category code: electronics.tablet, Brand: samsung, Price: 162.01, User ID: 1515915625451540000'",,,,,,,,,,,
2298094120956060000,1515915625452280000,"Information for the order with the order_id 2298094120956060000: 'Event time: 2020-04-29 15:29:49 UTC , Category ID: 2268105408964980000, Category code: computers.components.cooler, Brand: ship, Price: 9.24, User ID: 1515915625452280000'",,,,,,,,,,,
2298094882843000000,1515915625442440000,"Information for the order with the order_id 2298094882843000000: 'Event time: 2020-04-29 15:31:20 UTC , Category ID: 2268105403436890000, Category code: , Brand: beurer, Price: 25.44, User ID: 1515915625442440000'",,,,,,,,,,,
2298094891617480000,1515915625450350000,"Information for the order with the order_id 2298094891617480000: 'Event time: 2020-04-29 15:31:21 UTC , Category ID: 2268105441856710000, Category code: appliances.kitchen.kettle, Brand: vitek, Price: 18.5, User ID: 1515915625450350000'",,,,,,,,,,,
2298096107395220000,1515915625444380000,"Information for the order with the order_id 2298096107395220000: 'Event time: 2020-04-29 15:33:46 UTC , Category ID: 2268105444734010000, Category code: furniture.living_room.shelving, Brand: fissman, Price: 7.99, User ID: 1515915625444380000'",,,,,,,,,,,
2298096862688700000,1515915625450610000,"Information for the order with the order_id 2298096862688700000: 'Event time: 2020-04-29 15:35:16 UTC , Category ID: 2268105406691670000, Category code: computers.peripherals.mouse, Brand: x-game, Price: 8.08, User ID: 1515915625450610000'",,,,,,,,,,,
2298097459345220000,1515915625442530000,"Information for the order with the order_id 2298097459345220000: 'Event time: 2020-04-29 15:36:27 UTC , Category ID: 2268105482608570000, Category code: , Brand: e.gov, Price: 13.87, User ID: 1515915625442530000'",,,,,,,,,,,
2298100668205890000,1515915625442590000,"Information for the order with the order_id 2298100668205890000: 'Event time: 2020-04-29 15:42:49 UTC , Category ID: 2268105426648170000, Category code: electronics.tablet, Brand: samsung, Price: 208.31, User ID: 1515915625442590000'",,,,,,,,,,,
2298102527196920000,1515915625452260000,"Information for the order with the order_id 2298102527196920000: 'Event time: 2020-04-29 15:46:31 UTC , Category ID: 2268105427528970000, Category code: , Brand: ava, Price: 4.61, User ID: 1515915625452260000'",,,,,,,,,,,
2298102527196920000,1515915625452260000,"Information for the order with the order_id 2298102527196920000: 'Event time: 2020-04-29 15:46:31 UTC , Category ID: 2268105427872900000, Category code: , Brand: sbs, Price: 12.01, User ID: 1515915625452260000'",,,,,,,,,,,
2298103072515160000,1515915625451630000,"Information for the order with the order_id 2298103072515160000: 'Event time: 2020-04-29 15:47:36 UTC , Category ID: 2268105428946640000, Category code: , Brand: apple, Price: 40.49, User ID: 1515915625451630000'",,,,,,,,,,,
2298103072515160000,1515915625451630000,"Information for the order with the order_id 2298103072515160000: 'Event time: 2020-04-29 15:47:36 UTC , Category ID: 2268105427528970000, Category code: , Brand: apple, Price: 23.13, User ID: 1515915625451630000'",,,,,,,,,,,
2298103334684320000,1515915625443820000,"Information for the order with the order_id 2298103334684320000: 'Event time: 2020-04-29 15:48:07 UTC , Category ID: 2268105428166500000, Category code: electronics.smartphone, Brand: samsung, Price: 104.14, User ID: 1515915625443820000'",,,,,,,,,,,
2298104192226550000,1515915625446500000,"Information for the order with the order_id 2298104192226550000: 'Event time: 2020-04-29 15:49:49 UTC , Category ID: 2268105428594320000, Category code: electronics.clocks, Brand: samsung, Price: 324.05, User ID: 1515915625446500000'",,,,,,,,,,,
2298106109350640000,1515915625441590000,"Information for the order with the order_id 2298106109350640000: 'Event time: 2020-04-29 15:53:38 UTC , Category ID: 2374498914000590000, Category code: electronics.video.tv, Brand: lg, Price: 370.35, User ID: 1515915625441590000'",,,,,,,,,,,
2298106533830980000,1515915625452270000,"Information for the order with the order_id 2298106533830980000: 'Event time: 2020-04-29 15:54:28 UTC , Category ID: 2268105409048870000, Category code: computers.network.router, Brand: tp-link, Price: 31.23, User ID: 1515915625452270000'",,,,,,,,,,,
2298106658301140000,1515915625445500000,"Information for the order with the order_id 2298106658301140000: 'Event time: 2020-04-29 15:54:43 UTC , Category ID: 2268105390300330000, Category code: appliances.ironing_board, Brand: perilla, Price: 54.61, User ID: 1515915625445500000'",,,,,,,,,,,
2298107073444970000,1515915625452210000,"Information for the order with the order_id 2298107073444970000: 'Event time: 2020-04-29 15:55:33 UTC , Category ID: 2268105458902360000, Category code: computers.peripherals.joystick, Brand: xbox, Price: 194.42, User ID: 1515915625452210000'",,,,,,,,,,,
2298107161777010000,1515915625448430000,"Information for the order with the order_id 2298107161777010000: 'Event time: 2020-04-29 15:55:43 UTC , Category ID: 2268105408964980000, Category code: computers.components.cooler, Brand: ship, Price: 9.24, User ID: 1515915625448430000'",,,,,,,,,,,
2298108564746530000,1515915625451240000,"Information for the order with the order_id 2298108564746530000: 'Event time: 2020-04-29 15:58:31 UTC , Category ID: 2268105441856710000, Category code: appliances.kitchen.kettle, Brand: redmond, Price: 37.01, User ID: 1515915625451240000'",,,,,,,,,,,
2298110968443430000,1515915625452270000,"Information for the order with the order_id 2298110968443430000: 'Event time: 2020-04-29 16:03:17 UTC , Category ID: 2268105427260530000, Category code: , Brand: usams, Price: 2.29, User ID: 1515915625452270000'",,,,,,,,,,,
2298111728963020000,1515915625449330000,"Information for the order with the order_id 2298111728963020000: 'Event time: 2020-04-29 16:04:48 UTC , Category ID: 2268105441101740000, Category code: appliances.kitchen.blender, Brand: redmond, Price: 81, User ID: 1515915625449330000'",,,,,,,,,,,
2298112131758810000,1515915625449830000,"Information for the order with the order_id 2298112131758810000: 'Event time: 2020-04-29 16:05:36 UTC , Category ID: 2268105458457770000, Category code: apparel.glove, Brand: xbox, Price: 335.63, User ID: 1515915625449830000'",,,,,,,,,,,
2298113696158710000,1515915625452290000,"Information for the order with the order_id 2298113696158710000: 'Event time: 2020-04-29 16:08:42 UTC , Category ID: 2268105428250390000, Category code: electronics.telephone, Brand: panasonic, Price: 37.01, User ID: 1515915625452290000'",,,,,,,,,,,
2298114976126070000,1515915625512660000,"Information for the order with the order_id 2298114976126070000: 'Event time: 2020-04-29 16:11:15 UTC , Category ID: 2268105419375240000, Category code: stationery.battery, Brand: varta, Price: 2.08, User ID: 1515915625512660000'",,,,,,,,,,,
2298115808309540000,1515915625450650000,"Information for the order with the order_id 2298115808309540000: 'Event time: 2020-04-29 16:12:54 UTC , Category ID: 2268105430162990000, Category code: electronics.audio.headphone, Brand: bloody, Price: 34.7, User ID: 1515915625450650000'",,,,,,,,,,,
2298116187692720000,1515915625452300000,"Information for the order with the order_id 2298116187692720000: 'Event time: 2020-04-29 16:13:39 UTC , Category ID: 2268105428166500000, Category code: electronics.smartphone, Brand: huawei, Price: 127.29, User ID: 1515915625452300000'",,,,,,,,,,,
2298116388750880000,1515915625447670000,"Information for the order with the order_id 2298116388750880000: 'Event time: 2020-04-29 16:14:03 UTC , Category ID: 2268105428401390000, Category code: , Brand: xiaomi, Price: 18.5, User ID: 1515915625447670000'",,,,,,,,,,,
2298117791544240000,1515915625452280000,"Information for the order with the order_id 2298117791544240000: 'Event time: 2020-04-29 16:16:50 UTC , Category ID: 2268105393848710000, Category code: appliances.kitchen.refrigerators, Brand: beko, Price: 231.46, User ID: 1515915625452280000'",,,,,,,,,,,
2298117791544240000,1515915625452280000,"Information for the order with the order_id 2298117791544240000: 'Event time: 2020-04-29 16:16:50 UTC , Category ID: 2268105439323350000, Category code: , Brand: ava, Price: 208.31, User ID: 1515915625452280000'",,,,,,,,,,,
2298117894396960000,1515915625451580000,"Information for the order with the order_id 2298117894396960000: 'Event time: 2020-04-29 16:17:03 UTC , Category ID: 2268105403738880000, Category code: , Brand: philips, Price: 104.14, User ID: 1515915625451580000'",,,,,,,,,,,
2298121410213570000,1515915625452240000,"Information for the order with the order_id 2298121410213570000: 'Event time: 2020-04-29 16:24:02 UTC , Category ID: 2268105392741410000, Category code: appliances.environment.water_heater, Brand: ariston, Price: 118.03, User ID: 1515915625452240000'",,,,,,,,,,,
2298121516404960000,1515915625441880000,"Information for the order with the order_id 2298121516404960000: 'Event time: 2020-04-29 16:24:14 UTC , Category ID: 2268105430162990000, Category code: electronics.audio.headphone, Brand: jbl, Price: 53.22, User ID: 1515915625441880000'",,,,,,,,,,,
2298121697909270000,1515915625442070000,"Information for the order with the order_id 2298121697909270000: 'Event time: 2020-04-29 16:24:36 UTC , Category ID: 2268105392070320000, Category code: appliances.environment.vacuum, Brand: samsung, Price: 85.63, User ID: 1515915625442070000'",,,,,,,,,,,
2298121697909270000,1515915625442070000,"Information for the order with the order_id 2298121697909270000: 'Event time: 2020-04-29 16:24:36 UTC , Category ID: 2268105441856710000, Category code: appliances.kitchen.kettle, Brand: redmond, Price: 37.01, User ID: 1515915625442070000'",,,,,,,,,,,
2298126686975160000,1515915625444880000,"Information for the order with the order_id 2298126686975160000: 'Event time: 2020-04-29 16:34:31 UTC , Category ID: 2268105428166500000, Category code: electronics.smartphone, Brand: samsung, Price: 161.78, User ID: 1515915625444880000'",,,,,,,,,,,
2298126686975160000,1515915625444880000,"Information for the order with the order_id 2298126686975160000: 'Event time: 2020-04-29 16:34:31 UTC , Category ID: 2268105427260530000, Category code: , Brand: samsung, Price: 4.61, User ID: 1515915625444880000'",,,,,,,,,,,
2298129981240240000,1515915625452310000,"Information for the order with the order_id 2298129981240240000: 'Event time: 2020-04-29 16:41:04 UTC , Category ID: 2268105427528970000, Category code: , Brand: neo, Price: 5.76, User ID: 1515915625452310000'",,,,,,,,,,,
2298130346455070000,1515915625452310000,"Information for the order with the order_id 2298130346455070000: 'Event time: 2020-04-29 16:41:47 UTC , Category ID: 2268105406549060000, Category code: computers.peripherals.mouse, Brand: , Price: 6.92, User ID: 1515915625452310000'",,,,,,,,,,,
2298130346455070000,1515915625452310000,"Information for the order with the order_id 2298130346455070000: 'Event time: 2020-04-29 16:41:47 UTC , Category ID: 2268105406691670000, Category code: computers.peripherals.mouse, Brand: , Price: 2.06, User ID: 1515915625452310000'",,,,,,,,,,,
2298130735610980000,1515915625452310000,"Information for the order with the order_id 2298130735610980000: 'Event time: 2020-04-29 16:42:34 UTC , Category ID: 2268105426983710000, Category code: construction.tools.screw, Brand: samsung, Price: 11.55, User ID: 1515915625452310000'",,,,,,,,,,,
2298131709603870000,1515915625452310000,"Information for the order with the order_id 2298131709603870000: 'Event time: 2020-04-29 16:44:30 UTC , Category ID: 2268105430162990000, Category code: electronics.audio.headphone, Brand: xiaomi, Price: 25.44, User ID: 1515915625452310000'",,,,,,,,,,,
2298137013729090000,1515915625451320000,"Information for the order with the order_id 2298137013729090000: 'Event time: 2020-04-29 16:55:02 UTC , Category ID: 2268105442636850000, Category code: furniture.kitchen.table, Brand: polaris, Price: 23.36, User ID: 1515915625451320000'",,,,,,,,,,,
2298137013729090000,1515915625451320000,"Information for the order with the order_id 2298137013729090000: 'Event time: 2020-04-29 16:55:02 UTC , Category ID: 2268105441101740000, Category code: appliances.kitchen.blender, Brand: moulinex, Price: 64.79, User ID: 1515915625451320000'",,,,,,,,,,,
2298138225505460000,1515915625452020000,"Information for the order with the order_id 2298138225505460000: 'Event time: 2020-04-29 16:57:26 UTC , Category ID: 2268105443039510000, Category code: furniture.kitchen.table, Brand: rondell, Price: 104.14, User ID: 1515915625452020000'",,,,,,,,,,,
2298138225505460000,1515915625452020000,"Information for the order with the order_id 2298138225505460000: 'Event time: 2020-04-29 16:57:26 UTC , Category ID: 2268105444910170000, Category code: furniture.bedroom.bed, Brand: muljhtidom, Price: 2.99, User ID: 1515915625452020000'",,,,,,,,,,,
2298138225505460000,1515915625452020000,"Information for the order with the order_id 2298138225505460000: 'Event time: 2020-04-29 16:57:26 UTC , Category ID: 2268105444734010000, Category code: furniture.living_room.shelving, Brand: muljhtidom, Price: 6.92, User ID: 1515915625452020000'",,,,,,,,,,,
2298138436864830000,1515915625452320000,"Information for the order with the order_id 2298138436864830000: 'Event time: 2020-04-29 16:57:52 UTC , Category ID: 2268105406356120000, Category code: computers.peripherals.keyboard, Brand: logitech, Price: 37.01, User ID: 1515915625452320000'",,,,,,,,,,,
